,epoch,train_loss,val_loss
0,1,553.2860703468323,0.0
1,2,795.9251108169556,0.0
2,3,740.8049802780151,0.0
3,4,593.3480215072632,0.0
4,5,631.5815286636353,0.0
5,6,685.4936237335205,0.0
6,7,768.2861595153809,0.0
7,8,580.5555973052979,0.0
8,9,424.46844005584717,0.0
9,10,366.0614881515503,43.65442085266113
10,11,341.29922246932983,0.0
11,12,385.02461862564087,0.0
12,13,328.1605200767517,0.0
13,14,410.42297649383545,0.0
14,15,386.07317543029785,0.0
